{
    "prepare_queue": {
        "installed": [],
        "uninstalled": []
    },
    "config_munge": {
        "files": {
            "config.xml": {
                "parents": {
                    "/*": [
                        {
                            "xml": "<feature name=\"BarcodeScanner\"><param name=\"browser-package\" value=\"BarcodeScanner\" /></feature>",
                            "count": 1
                        },
                        {
                            "xml": "<feature name=\"FacebookConnectPlugin\"><param name=\"browser-package\" value=\"FacebookConnectPluginBrowser\" /><param name=\"onload\" value=\"true\" /></feature>",
                            "count": 1
                        },
                        {
                            "xml": "<plugin name=\"FacebookConnectPlugin\" value=\"FacebookConnectPlugin\" />",
                            "count": 1
                        },
                        {
                            "xml": "<access origin=\"https://m.facebook.com\" />",
                            "count": 1
                        },
                        {
                            "xml": "<access origin=\"https://connect.facebook.net\" />",
                            "count": 1
                        },
                        {
                            "xml": "<access origin=\"https://graph.facebook.com\" />",
                            "count": 1
                        },
                        {
                            "xml": "<access origin=\"https://api.facebook.com\" />",
                            "count": 1
                        },
                        {
                            "xml": "<access origin=\"https://*.fbcdn.net\" />",
                            "count": 1
                        },
                        {
                            "xml": "<access origin=\"https://*.akamaihd.net\" />",
                            "count": 1
                        }
                    ]
                }
            }
        }
    },
    "installed_plugins": {
        "cordova-plugin-whitelist": {
            "PACKAGE_NAME": "io.cordova.hellocordova"
        },
        "phonegap-plugin-barcodescanner": {
            "PACKAGE_NAME": "io.cordova.hellocordova"
        },
        "cordova-plugin-facebook4": {
            "APP_ID": "1770965719839075",
            "APP_NAME": "oauthApp",
            "PACKAGE_NAME": "io.cordova.hellocordova"
        }
    },
    "dependent_plugins": {},
    "modules": [
        {
            "file": "plugins/phonegap-plugin-barcodescanner/www/barcodescanner.js",
            "id": "phonegap-plugin-barcodescanner.BarcodeScanner",
            "pluginId": "phonegap-plugin-barcodescanner",
            "clobbers": [
                "cordova.plugins.barcodeScanner"
            ]
        },
        {
            "file": "plugins/phonegap-plugin-barcodescanner/src/browser/BarcodeScannerProxy.js",
            "id": "phonegap-plugin-barcodescanner.BarcodeScannerProxy",
            "pluginId": "phonegap-plugin-barcodescanner",
            "runs": true
        },
        {
            "file": "plugins/cordova-plugin-facebook4/www/facebook-browser.js",
            "id": "cordova-plugin-facebook4.FacebookConnectPluginBrowser",
            "pluginId": "cordova-plugin-facebook4",
            "clobbers": [
                "facebookConnectPlugin"
            ]
        }
    ],
    "plugin_metadata": {
        "cordova-plugin-whitelist": "1.3.2",
        "phonegap-plugin-barcodescanner": "6.0.6",
        "cordova-plugin-facebook4": "1.7.4"
    }
}